layer,exact,f1,exact_no_ans,f1_no_ans,exact_has_ans,f1_has_ans
1,52.122408687068116,52.122408687068116,100.0,100.0,0.0,0.0
2,52.122408687068116,52.122408687068116,100.0,100.0,0.0,0.0
3,52.122408687068116,52.122408687068116,100.0,100.0,0.0,0.0
4,52.122408687068116,52.122408687068116,100.0,100.0,0.0,0.0
5,52.122408687068116,52.122408687068116,100.0,100.0,0.0,0.0
6,52.122408687068116,52.122408687068116,100.0,100.0,0.0,0.0
