layer,exact,f1,exact_no_ans,f1_no_ans,exact_has_ans,f1_has_ans
1,52.122408687068116,52.122408687068116,100.0,100.0,0.0,0.0
2,51.85916419874959,51.87287484918285,99.14772727272727,99.14772727272727,0.37800687285223367,0.4066437571592211
3,44.504771306350776,45.978652916324656,72.00126262626263,72.00126262626263,14.570446735395189,17.648883994990094
4,44.89963803882856,48.2094791521315,51.32575757575758,51.32575757575758,37.90378006872852,44.816912125998535
5,60.200723922342874,64.35339311930402,60.321969696969695,60.321969696969695,60.06872852233677,68.74224171104153
6,62.240868706811455,66.57116846168915,63.19444444444444,63.19444444444444,61.202749140893474,70.24727213407144
